Row Labels,Sum of Amount
22," 7,812,413,596.77 "
NEWAGE CABLES PVT LTD NEW AGE HOUSE 33-K GULBERG II LAHORE," 4,101,623,755.48 "
"PAKISTAN CABLES LTD BD21, SITE KARACHI. 0515125429 PK"," 1,419,800,837.00 "
"MUTAHIR METAL WORKS PVT LTD 127/1, QUAID E-AZAM QUAID-E-AZAM INDUSTRIAL ESTATE, LAHORE."," 399,973,645.90 "
"EXIDE PAKISTAN LTD 40-K, BLOCK- 6, P E C H S, DR. MAHMOOD HUSSAIN ROAD. KARACHI."," 362,482,688.60 "
"ELLCOT SPINNING MILLS LTD. 99-B-I MM ALAM ROAD GULBURG 111 LAHORE, PAKISTAN"," 293,295,014.24 "
"CHEM.TECH.INTERNATIONAL 2A-5C-6C-VALUE ADDITION CITY, KHURIANWALA,FAISALABAD. FAISALABAD."," 237,913,463.77 "
LANDHI ENGINEERING WORKS (PVT) LTD. 15TH MILE NATIONAL HIGHWAY LANDHI KARACHI-75120 PAKISTAN. ," 231,108,734.56 "
NAGINA COTTON MILLS LTD. NAGINA HOUSE 91-B-1  M.M.ALAM ROAD LAHORE," 157,071,640.50 "
"GASCO ENGG.PVT LTD GASCO ENGINEERING PVT LTD 501, AMBER ESTATE BUILDING SHAHRAH-E-FAISAL KARACHI"," 111,946,319.17 "
"STEELEX PVT LTD. B-30-A ESTATE AVENUE, S.I.T.E. KARACHI. "," 103,811,569.54 "
PAKISTAN WIRE INDUSTR PVT LTD PLOT NO E-51 TEXTILE AVENUE KARACHI.," 83,295,417.10 "
"AL-KARAM TEXTILE MILLS (PVT.) LTD., 3rd FLOOR, K.D.L.B. BUILDING, 58 - WEST WHARF ROAD, KARACHI 74000 - PAKISTAN."," 75,080,158.43 "
"EAGLE CABLES PVT LTD. USMAN STREET OPPOSITE CHOHAN ROAD, BUND ROAD, LAHORE, PAKISTAN. "," 52,998,179.43 "
NISHAT CHUNIAN LTD 31-Q GULBURG 11 LAHORE PK," 45,571,942.87 "
"CHEMTECH PROCHIMICA INDUSTRIES PLOT NO. 6-5-2, VALUE ADDITION CITY KHURRIANWALA FAISALABAD PAKISTAN"," 29,361,371.99 "
RAFHAN MAIZE PRODUCTS CO LIMTED RAKH CANAL EAST ROAD FAISALABAD. 041-8540121-23," 27,336,557.38 "
GUJRANWALA CABLES PVT LIMITED HOUSE NO 6 STREET NO 1 CANAL VIEW HOUSING SOCIETY   GUJRANWALA GUJRANWALA," 23,031,728.11 "
"CLIMATE ENGINEERING CO. CLIMATE ENGINEERING CO. MAIN SHEIKHUPURA ROAD NEAR PSO PUMP,GUJRANWLA"," 20,212,312.46 "
"EQUITY TEXTILES LTD., 3RD FLOOR, THE COTTON EXCHANGE, I.I. CHUNDRIGAR ROAD, KARACHI - 74000, PAKISTAN."," 11,118,359.39 "
CRESCENT BAHUMAN LTD 40-A OFF ZAFAR ALI ROAD GULBERG V PK," 8,102,464.99 "
CRESCENT BAHUMAN LTD 40-A  ZAFAR ALI ROAD GULBURG V LAHORE PAKISTAN," 7,739,675.57 "
PREMIER CABLES PVT LTD   ," 5,243,680.53 "
PETROLEUM EXPLORATION PVTLTDBLOCK22   ," 2,609,282.66 "
BALUCHISTAN WHEELS LTD IST FLOOR STATE LIFE BLDG NO 3 DR  ZIAUDDIN AHMED ROAD P O  BOX NO 15511," 863,984.66 "
"BURHANI METAL MART. SHOP NO.19,PLOT W02/37, NAJMUDDIN STREET, NANAKWARA, WADHOOMAL ODHARAM, KARACHI-PAKISTAN"," 429,515.35 "
DEWAN PETROLEUM (PVT.) LIMITED 46-NAZIM-UD-DIN ROAD F-7/4 PK," 391,297.09 "
45," 4,591,973,299.36 "
"KOHINOOR SOAP & DETERGENT PVT LTD TIBET CENTRE, M.A. JINNAH ROAD, PK"," 1,851,804,793.63 "
"ABBOTT LABORATORIES (PAKISTAN) LTD. OPP, RADIO PAKISTAN TRANSMISSION CENTRE, HYDERABAD ROAD, LANDHI KARACHI PAKISTAN-75120"," 1,118,628,060.16 "
"GETZ PHARMA (PVT) LTD., 30-31/27, KORANGI INDUSTRIAL AREA, KARACHI, PAKISTAN. "," 706,593,770.89 "
"SANOFI AVENTIS PAKISTAN LIMITED., PLOT NO. 23, SECTOR NO.22, KORANGI INDUSTRIAL AREA, KARACHI-74900, PAKISTAN."," 370,241,143.97 "
"FEROZSONS LABORATORIES LIMITED P.O. FEROZSONS, AMANGARH, NOWSHERA, K.P.K., PAKISTAN. "," 158,803,379.36 "
"HIGHNOON LABORATORIES LTD 71B C-II GULBURG III LAHORE, PAKISTAN"," 107,942,098.54 "
"BROTHERS ENTERPRISE PVT LTD., 106, ANUM ESTATE, SHAHRAH-E-FAISAL, KARACHI, PAKISTAN."," 82,312,559.69 "
KOHINOOR CHEMICAL CO PVT LTD TIBBET CENTRE M.A.JINNAH ROAD PK," 50,437,832.56 "
ROUTE 2 HEALTH PRIVATE LIMITED PLOT # 229 SUNDAR INDUSTRIAL ESTATE RAIWIND ROAD LAHORE," 32,268,091.38 "
"NELSON PAINT INDUSTRIES  PVT LTD 67,SECTOR 7/A KORANGI INDUSTRIAL AREA KARACHI PAKISTAN "," 24,445,191.40 "
M S CHEMOFLOR AGENCIES M S FEROZE CHAMBERS 145 MATTIOT RD KARACHI PAKISTAN," 24,289,792.14 "
MAG ENTERPRISES P-138 KL CENTER IST FLOOR OLD BAKAR MANDI MINTGOMRY BAZAR FAISALABAD," 22,290,065.71 "
"HIMOUNT PHARMACEUTICALS 17-KM FEROZPUR ROAD FEROZPUR ROAD LAHORE, PAKISTAN."," 13,979,924.97 "
"BF BIOSCIENCES LIMITED 5 K.M SUNDER RAIWIND ROAD, OPP: IJTIMA CHOWK, RAIWIND, LAHORE, PAKISTAN."," 11,596,332.56 "
M/S GABA CORPORATION P-138 KL CENTER OLD LAKAR MANDI MINTGOMRY BAZAR FAISALABAD ," 5,732,482.75 "
"HELIX PHARMA (PRIVATE) LIMITED., A/56, S.I.T.E., MANGHOPIR ROAD, KARACHI, PAKISTAN. "," 5,595,355.66 "
"PUNJAB OIL PRODUCTS (PVT) LIMITED GABA HOUSE,P-725, MODEL TOWN A FAISALABAD  03008669189 03218669111"," 2,394,514.52 "
"PHYTOCON INTERNATIONAL (PVT) LTD SUIT NO 4, 4TH FLOOR ABRAR BUSINESS CENTER 25, MAIN WAHDAT ROAD LAHORE-PAKISTAN"," 2,044,013.40 "
DG SBS  FOREIGN PURCHASE SCHOOL OF BIOLIOGICAL SCIENCES P U NEW CAMPUS LAHORE 9230960," 573,896.07 "
48," 2,522,340,899.40 "
19," 2,090,434,386.59 "
DAI ICHI LIGHTING OFFICE  23  1ST FLOOR  ARKAY SQUARE EXTENSION  SHAHRAH E LIAQUAT NEW CHALLI  KARACHI     03002110019," 650,734,506.36 "
"PAKISTAN HERALD PUBLICATIONS (PRIVATE) LIMITED HAROON HOUSE, DR.ZIAUDDIN AHMED ROAD, KARACHI, PAKISTAN"," 504,026,274.86 "
"PAK PAP (PVT.) LTD., 1, ISMAIL CENTRE, TAYYABJEE ROAD, OFF:SHAHRAH-E-LIAQUAT, KARACHI, PAKISTAN."," 303,663,252.25 "
"DAILY PAKISTAN., 41 - JAIL ROAD, P.O. BOX 2000, LAHORE, PAKISTAN. "," 193,237,047.86 "
VARIETY PAPERS. PAPER AND BOARD MERCHANT SHAHRAH-E-  ," 162,148,563.06 "
"POPULAR FOOD INDUSTRIES LTD 311-CHAPAL PLAZA, HASRAT MOHANI ROAD, I I CHUNDRIGAR ROAD. KARACHI."," 161,531,978.62 "
TABISH IMPEX OFFICE NO 23 1ST FLOOR RK SQUARE EXT SHARAH E LIAQAT NEW CHALLI KARACHI," 47,943,644.57 "
BODY MEDIA INTL PVT LTD 22 W DHA LAHORE CANTT LAHORE," 14,265,115.01 "
LE TOPICAL PVT LTD LE TOPICAL PVT LTD PLOT NO 17-18 ST#2 ATTARI INDUSTRIAL ESTATE 18 KM FEROZ PUR ROAD LAHORE 04235923583," 12,323,415.49 "
"ASHRAF MATCH INDUSTRIES PVT LTD 1st FLOOR NASIRPUR PLAZA, RETI GATE PESHAWAR "," 11,123,730.57 "
"POPULAR SPINNING MILLS (PVT) LTD., 311, CHAPAL PLAZA, HASRAT MOHANI ROAD, KARACHI, PAKISTAN."," 10,367,857.56 "
POPULAR MATCH INDUSTRIES 311 CHAPAL PLAZA HASRAT MOHANI ROAD OFF I.I CHUNDRIGAR ROAD," 8,984,171.60 "
"LE TOPICAL PLOT NO 17 ATTARI INDUSTRIAL ESTATE 18 KM FEROZE PU ROAD LAHORE, PAKISTAN.RE "," 8,929,447.59 "
LANCER SURGICAL CO LANCER SURGICAL CO. 147 C FATIMA JINNAH ROAD SIE SIALKOT," 1,155,381.19 "
27," 1,430,862,015.42 "
"M/S IQBAL DAAL MILLS SHOP NO.11M GRAIN MARKET, SARGODHA, PAKISTAN "," 163,280,609.01 "
SH TALIB HUSSAIN MATLOOB HUSSAIN BR 33 A NEW GRAIN MARKET MAKHDOOM ROAD FAISALABAD PAKISTAN," 157,886,423.08 "
"INDUS DYEING AND MFG. CO. LTD., OFFICE NO.508, 5TH FLOOR, BEAUMONT PLAZA, BEAUMONT ROAD, CIVIL LINES QUARTERS KARACHI - PAKISTAN."," 156,681,884.88 "
"HARVEST GRAINS TRADING CO. SHOP NO 8, SHAH BUX MARKET,ANAJ MANDI HYDERABAD SINDH.PAKISTAN"," 142,387,778.48 "
"PAK TRADERS REGENCY ARCADE 949, P-122, OPPOSIT P.I.A OFFICE, THE MALL ROAD, FAISALABAD, PAKISTAN."," 135,108,868.57 "
"GADOON TEXTILE MILLS LTD 6-A, MOHAMMAD ALI HOUSING SOCIETY PK"," 122,006,304.50 "
"KANWAL TRADING COMPANY PVT LTD OFF.# 1, 1ST FLOOR PLOT NO.40-C RAHAT COMMERCIAL LANE-3 PHASE VI D.H.A. KARACHI."," 106,462,297.48 "
HAMZA HAFEEZ FOOD INDUSTRIES SUITE # 213 2ND FLOOR PONAWALA TOWER KARACHI ," 78,252,149.47 "
DHIRANI TRADING COMPANY PLOT no MR6 37  MUHAMMAD FEROZ STREET  JORIA BAZAR KARACHI karachi," 69,112,291.14 "
ARUS INTERNATIONAL OPP OFFICE SSP PATROLLING POLICE JAIL ROAD FAISALABAD FSD," 68,123,562.03 "
KANWAL INDUSTRIES PLOT NO F-4 SITE KOTRI SINDH," 41,714,279.98 "
GHAZALI IMPEX H NO 106 F 3 2 XEX SHAMSABAD COLONY EID GHAH ROAD MULTAN," 40,219,693.18 "
HAMZA TRADER SHOP NO. 93/1 NEW GRAIN MARKETE DIJKOT ROAD FAISALABAD," 33,370,038.67 "
"BALAJI COMMODITIES SUITE# 616,6TH FLOOR POONAWALA TRADE TOWER CHABBA GALI DANDIA BAZAR"," 29,200,942.09 "
"KARACHI COMMODITIES FLAT NO 403, STREET NO.02, NAGAR RESIDENCY, BATH ISLAND, CLIFTON KARACHI."," 20,130,937.67 "
"WARAICH FOOD PRODUCTS SHOP NO.54, GRAIN MARKET SARGODHA "," 17,349,166.45 "
"KANWAL TRADING COMPANY PVT LTD. OFF NO. 1, 1ST FL, ;LOT NO.40-C, RAHAT COMMERCIAL LANE, 3, PHASE 6, D.H.A., KARACHI,PAKISTAN"," 14,858,522.50 "
"M/S.RAJ WALI & COMPANY FLAT NO 2,COMMERCIAL BUILDING KATCHERY GATE,ASHRAF ROAD PESHAWAR"," 9,652,647.30 "
RAFI GUL AND SONS RIPAL MANDI PESHAWAR PAKISTAN ," 7,117,359.48 "
"ABDUL HAFEEZ SUITE NO.213, IIND FLOO POONA WALA TRADE TOWER CITY COURT KARACHI"," 6,310,529.74 "
ABU BAKAR ENTERPRISES SHOP 552-553 SAURI STREET NANKARI MARKET RAWALPINDI ," 5,660,344.80 "
ANUMTA FOODS (SMC-PVT) LIMITED GT ROAD NEAR DEGREE COLLEGE HARIPUR HARIPUR PAKISTAN," 4,444,418.88 "
DATA IMPEX DATA IMPEX H-1275 INSIDE AKBARI MANDI LAHORE," 1,530,966.04 "
4," 1,426,917,434.08 "
M S  STANLEY PHARMACEUTICAL  PVT  L 84-B  I.E.JAMRUD ROAD PESHAWAR. opics," 226,891,541.60 "
WILSHIRE LABS PVT LTD WILSHIRE LABS PVT LTD 124/1 INDUSTRIAL ESTATE KOT LAKHPATH LAHORE," 152,022,514.15 "
"ASIAN CONTINENTAL (PVT) LTD., D-133 TIPU SULTAN ROAD, KDA SCHEME NO.1 KARACHI, PAKISTAN."," 127,485,222.68 "
"CCL PHARMACEUTICALS (PVT) LIMITED 65-INDUSTRIAL ESTATE, KOT LAKHPAT LAHORE, PAKISTAN "," 98,552,569.20 "
"JAWA PHARMACEUTICALS (PVT.)  LTD., 112/10, INDUSTRIAL ESTATE TOWNSHIP LAHORE, PAKISTAN "," 93,172,622.64 "
McOLSON RESEARCH LABORATORIES PVT L 194 - B B.O.R SOCIETY MASJID CHOWK JOHAR TOWN LAHORE," 69,985,477.96 "
"BIO-OXIME PHARMACEUTICALS PLOTE NO. 31,32 MILLAT GARMENT CITY, DRY PORT ROAD, FAISALABAD, PAKISTAN."," 56,244,330.56 "
"ZANCTOK PHARMACETICAL LAB. F-15 SITE HYDERABAD, PAKISTAN  "," 55,175,416.38 "
"SANTE (PRIVATE) LIMITED. A-97,S.I.T.E. SUPER HIGHWAY, KARACHI, PAKISTAN. "," 51,628,024.83 "
MASS PHARMA PVT LTD 17-KM FEROZEPUR ROAD LAHORE," 39,837,461.64 "
"BRYON PHARMACEUTICALS (PVT) LTD., 48 - HAYATABAD INDUSTRIAL ESTATE, JAMRUD ROAD, PESHAWAR, PAKISTAN. "," 36,715,338.66 "
"VALOR PHARMACEUTICAL 20,OPPOSITE AYUB NATIONAL PARK JHELUM ROAD RAWALPINDI"," 28,608,850.12 "
"UNIVET PHARMACEUTICALS., 14KM, ADYALA ROAD, POST OFFICE DAHGAL, RAWALPINDI, PAKISTAN. "," 26,815,228.37 "
"EFROZE CHEMICAL IND PVT LTD 12 - C, BLOCK 6, P.E.C.H.S.. OFF. SHAHRAH-E- FAISAL KARCHI, PAKISTAN"," 24,720,612.14 "
WALTDANZAY PHARMACEUTICALS PLOT NO 35-A INDUSTRIAL ESTATE TEXI LA PAKISTAN ," 22,442,166.50 "
"TABROS PHARMA (PVT) LIMITED, ESSA HOUSE, 32-1-C, BLOCK-6, P.E.C.H.S., KARACHI - PAKISTAN. "," 21,893,792.31 "
OPAL LABORATORIES  PVT  LTD. LC-41 LITE LANDHI INDUSTRIAL AREA LANDHI.PH 5011046-7," 21,496,637.58 "
"LOWITT PHARMA (PVT) LTD., 24 - INDUSTRIAL ESTATE, HAYATABAD, PESHAWAR, PAKISTAN. "," 20,561,097.67 "
QUAPER PVT LTD PLOT NO 26-A SMALL INDUSTRIAL STATE LAHORE ROAD SARGODHA 03216699660," 20,364,662.74 "
M S ARIES PHARMACEUTICAL PVT LTD ROOM NO 45 AMIN MANSION G.T ROAD PESHAWAR PH NO 2217542 2218476 FX 2212239 FACTORY," 20,321,273.85 "
AMEER & ADNAN PHARMACEUTICALS PVT L PLOT NO. 47 SUNDAR INDUSTRIAL ESTATE RAIWAND ROAD LAHORE PAKISTAN," 18,441,919.09 "
"REMINGTON PHARMACEUTICAL INDUSTRIES 18 KM MULTAN ROAD LAHORE 53800, PAKISTAN "," 18,038,192.89 "
"VEGA PHARMACEUTICAL PVT LTD. 30 KM, MULTAN ROAD, LAHORE PAKISTAN "," 16,811,139.14 "
"LIBRA (PVT) LTD 77- INDUSTRIAL ESTATE, JAMRUD ROAD, PESHAWAR- PAKISTAN. "," 13,735,979.69 "
KAIZEN PHARMACEUTICALS PVT LTD. D37 BLOCK 7 CLIFTON KARACHI," 13,435,165.91 "
"TRIGON PHARMACEUTICALS PVT LTD 8- K M THOKAR, RAIWIND ROAD LAHORE, PAKISTAN. "," 13,240,594.71 "
CREST PHARMACEUTICALS 43 INDUSTRIAL TRIANNGLE KAHUTA ROAD ISLAMABAD opics," 11,902,682.06 "
"FLOW PHARMACEUTICALS PVT LTD 17-KM SHEIKHUPURA ROAD LAHORE, PAKISTAN. "," 11,304,966.42 "
"NEOMEDIX., PLOT NO. 5, N/5, NATIONAL INDUSTRIAL ZONE RAWAT, ISLAMABAD, PAKISTAN."," 10,520,379.73 "
"AMARANT PHARMACEUTICALS PVT LTD. 158, DEHTORO,GADAP ROAD,SUPPER HIGHWAY,KARACHI-PAKISTAN "," 10,183,379.58 "
"ROCK PHARMACUTICAL LABORATORIES (PVT) LTD., 134-B,135-B NOWSHERA INDUSTRIAL ESTATE, RISALPUR, KPK,PAKISTAN."," 8,576,994.69 "
"FRIENDS PHARMA (PVT) LTD 31-KM, FEROZEPUR ROAD, LAHORE, PAKISTAN "," 8,076,473.46 "
"OLIVE LABORATORIES 52 S-6 NATIONAL INDUSTRIAL ZONE, RA  "," 6,163,486.56 "
MUNAWAR PHARMA P V T LTD 199-A FIRST FLOOR NEW MUSLIM TOWN LAHORE," 5,926,590.65 "
JENNER PHARMACEUTICALS (PVT) LTD. AL RAHEEM HOMES MEER STREET HOUSE N O 38 MUHALLA MOLANA SHOUKAT ALI ROAD JOHAR TOWN LHR," 5,761,235.21 "
ATCO LABORATORIES LTD   ," 5,628,808.77 "
AVENTEK PHARMACEUTICALS PVT LTD 24 C 1 JAIL ROAD LAHORE PK," 4,391,431.77 "
CIBEX (PVT) LTD PLOT NO- 405 S.I.T.E KARACHI ," 4,024,609.97 "
DEMONT RESEARCH LABORATORIES PVT LT 3 A CHAMAN PARK NEAR FATEH GARH GRID STATION LHR PAKISTAN ," 3,855,533.39 "
"PHARMA HEALTH PAKISTAN PVT LTD 57-D, MODEL TOWN, LAHORE."," 3,558,679.74 "
"MEDISAVE PHARMACEUTICALS 501-A BLOCK E, SAMAN BERG JOHAR TOWN LAHORE, PAKISTAN"," 3,085,139.48 "
"MAPLE PHARMACEUTICALS (PVT) LIMITED PLOT NO.147, SECTOR 23, KORANGI INDUSTRIAL AREA, KARACHI - PAKISTAN."," 2,584,077.38 "
"MKB PHARMACEUTICALS (PVT) LTD., PLOT-66, HAYATABAD, INDUSTRIAL ESTATE PESHAWAR-PAKISTAN."," 2,384,038.70 "
M/S NOA HEMIS PHARMACEUTICALS PLOT NO 154 SECTOR 23 KORANGI INDUSTRIAL AREA KARACHI. ," 2,355,856.47 "
SHAIGAN PHARMACEUTICALS PVT LTD SHAIGAN PHARMACEUTICALS PVT LTD 14-KM ADIALA ROAD P.O DAHGAL RAWALPINDI.PAKISTAN," 1,580,703.70 "
EPLA LABORATORIES  PVT  LTD D-12  ESTATE AVENUE SITE  KARACHI-75700 PAKISTAN ," 1,572,318.00 "
"LAWRENCE PHARMA (PVT) LTD., 193-CIRCULAR ROAD, 2ND FLOOR, BILAL MARKET, CHOWK NEW ANARKALI, LAHORE-PAKISTAN."," 1,352,193.48 "
CHEMIE FINE S/A 164-A BLOCK 8 K A E C H S karachi," 889,931.99 "
LEADS PHARMA PVT LTD PLOT NO  81 - A STREET NO 6 I - 10   3," 801,882.18 "
"MCOLSON RESEARCH LABORATORIES (PVT) LTD. 194-B, MIAN BOULEVARD, BOR SOCIETY JOHAR TOWN, LAHORE, PAKISTAN."," 741,609.99 "
LINTA PHARMACEUTICALS PVT LTD PLOT NO 03 ROAD S-05 RAWAT INDUSYTRIAL ESTATE ISLAMABAD ," 590,143.36 "
BIO FINE PHARMACEUTICAL PVT LTD 97A 1 GULGHAST COLONY MULTAN  ," 235,847.70 "
LEAMA CHEMI PHARMA PESHAWAR PLOT 37A INDUSTRIAL ESTATE JAMRUD ROAD HAYATABAD PESHAWAR," 230,606.64 "
1," 1,389,437,385.45 "
NISHAT PAPER PRODUCTS CO LTD NISHAT HOUSE 53-A LAWRENCE ROAD PK," 403,367,974.36 "
"CHEMICAL PROCESS INDUSTRIES PVT LTD 103-HABITAT SHADMAN-2, JAIL ROAD, LAHORE, PAKISTAN. "," 233,687,335.09 "
"THAL LTD. PAKISTAN PAPERSACK DIVISN 5TH FLOOR, HOUSE OF HABIB, 3-JINNAH C.H. SOCIETY, BLOCK 7/8, SHAHREA FAISAL"," 222,290,012.70 "
"CENTURY PAPER AND BOARD MILLS LTD., LAKSON SQUARE, BUILDING NO.2, SARWA  "," 154,668,899.64 "
"YOUSAF TANNERIES NIAZ NAGAR, KASUR-PAKISTAN "," 125,792,739.19 "
"AL KARAM PAPER MILLS PVT LTD 257-WEST WOOD COLONY LAHORE, PAKISTAN. "," 82,908,509.91 "
"FATIMAFERT LIMITED 35-A SHAHRAH-E-ABDUL HAMEED BIN BADEES LAHORE, PAKISTAN."," 38,120,541.25 "
PACKAGES LTD PO AMER SIDHU SHAHRAH E ROOMI LAHORE," 32,801,788.26 "
GULF INDUSTRIAL SOLUTIONS PVT LTD 61/A F-11 JOHAR TOWN LAHORE," 30,749,299.02 "
"A R YOUSAF NIAZ NAGAR, KASUR-PAKISTAN "," 27,085,798.08 "
BULLEH SHAH PACKAGING(PRIVATE) LTD SHAHRAHEROOMI PO AMER SIDHU LAHORE PAKISTAN," 12,744,203.42 "
SUPER COMPOUNDS LTD LX 3/1 SCHEME NO 4 LANDHI INDUSTRIAL AREA KARACHI.PAKISTAN," 12,577,133.11 "
M.S LEATER COORDINATOR TUFAIL SHAHEED ROAD SAHIWAL ," 5,160,937.29 "
"ARSAM PULP AND PAPER BOARD INDUSTRIES PRIVATE LIMITED, 31-KM LAHORE SHEIKHUPURA ROAD, SHEIKHUPURA, PAKISTAN."," 3,595,367.16 "
"PREMIER PAPER MILLS LTD 23 AHMED BLOCK, NEW GARDEN TOWN LAHORE-PAKISTAN "," 2,542,621.49 "
"MULTAN HIDE CO (PVT) LTD., HUMAYUN ROAD, P.O. BOX-36 MULTAN, PAKISTAN"," 1,344,225.48 "
30," 1,267,472,171.20 "
"Q-TEX 25 ZENAT MARKET, RAIL BAZAR, GUJRANWALA, PAKISTAN. "," 886,408,416.03 "
USMAN ENTERPRISES ABU BAKAR BLOCK GALI SINDH PANJAB NEAR RAIL BAZAR GUJRANWALA," 172,753,615.37 "
KHAWAJA MUTAHIR KALEEM RAIL BAZAR GUJRANWALA 055-218701-2," 72,447,828.56 "
WAHEED ENTERPRISES BANK SQUARE YASIR CLOTH MARKET FIRST FLOOR GUJRANWALA PAKISTAN," 52,186,306.74 "
KHAWAJA MUTAHIR KALEEM M/S KHAWAJA MUTAHIR KALEEM RAIL BAZAR GUJRANWALA ," 26,890,868.37 "
M/S ALLIED TEXTILE TRADERS HOUSE NO 17 BLOCK B 1 WAPDA TOWN GUJRANWALA 03316118783," 26,823,954.72 "
OLYMPIA INDUSTRIES PVT LTD  C F PLD 23 - DAVIS ROAD LAHORE PAKISTAN," 21,880,359.54 "
M/S  KH MUTAHIR KALEEM RAIL BAZAR GUJRANWALA. PK," 4,173,742.24 "
ASHRAF INDUSTRIES G.T.ROAD REHWALI GUJRANWALA opics," 2,834,365.25 "
TARIQ GLASS INDUSTRIES LIMITED HEAD OFFICE 128-J MODEL TOWN PAKISTAN," 1,072,714.38 "
44," 1,228,828,451.00 "
FAUJI FERTILIZER BIN QASIM LTD. 93-HARLEY STREET RAWALPINDI PK," 1,228,828,451.00 "
18," 1,011,677,788.63 "
"S. J STEEL RE ROLLING MILLS DATA PARK BUS STOP, NEAR ASHIQ PEHIWAN COLD STORAGE GATE NO.1 NEAR DAROGHAWALA CHOWK G.T. ROAD,"," 660,741,896.35 "
SHAHEEN STEEL MILLS FURNACE NEAR CHAHAL KALAN GRID STATION QILA DIDAR SINGH GUJRANWALA," 75,129,905.35 "
CAPITAL STEEL INDUSTRIES PLOT 229/230 STREET NO 07 SECTOR I-9," 68,450,785.52 "
CHAUDHARY STEEL FURNANCE CHAUDHARY STEEL FURNANCE MAIN G.T ROAD DASKA DASKA," 35,991,038.26 "
CHENAB ENGINEERING WORKS PVT JHUMRA ROAD NISHATABAD FAISALABAD," 35,207,176.95 "
"M/S  GHAZI STEEL INDS (PVT) LTD OFFICE NO.37 2ND FLOOR AHMED COMPLEX QUETTA, PAKISTAN."," 28,121,879.12 "
MS CHENAB ENGG. WORKS & FOUNDRIES JHUMRA ROAD NISHATABAD FAISALABAD," 22,191,316.80 "
"USMAN STEEL CASTING 15- KM, GT ROAD SHAMKE MURIDKE "," 20,389,190.90 "
NEW ITTEHAD STEEL MILLS BEHIND OCTROL POST MAFIAWALA NEAR SIALKOT BYE PASS GUJRANWALA.," 12,907,488.65 "
"LIAQUAT STEEL INDUSTRIES 15-K.M. G.T. ROAD, KALA SHAH KAKU DISTT. SHEIKHUPURA PAKISTAN "," 11,927,595.96 "
HAJVAIRY STEEL INDUSTRIES PVT LTD HAJVAIRY STEEL INDUSTRIES OFFICE NO.322 CLIFTON CENTER SCHON CHOWRANGI KARACHI," 11,165,030.12 "
"MA ENGINEERING WORKS M.A ENGINEERING WORKS 32-KM, BYPASS SHEIKHUPURA SAIM NALA JEVAN PURA"," 9,975,437.38 "
"ADIL STEEL FURNACE KOHLOWALA ROAD, ESTATE NO.2, KHIALI BYEPASS, GUJRANWALA."," 8,476,602.18 "
"INAM TRADERS 9- LANDA BAZAR LAHORE, PAKISTAN. "," 7,519,026.97 "
LUCKY RE-ROLLING MILLS PVT LTD SHOP NO.2 & 3  22-C NISHAD LANE NO.12 PHASE 6 DHA KARACHI," 3,483,418.12 "
0," 1,002,765,747.55 "
AHMED CHEMICAL CO AHMED ARCADE DARYALAL STREET JODIA BAZAR KARACHI," 292,646,986.49 "
ROYAL CHEMICAL MR 1 153 OFF DARYALAL ST JODIA BAZAR KARACHI," 221,009,289.52 "
"ARFEEN INTERNATIONAL (PVT) LTD., 3RD FLOOR, TOWER A, THE WORLD TRADE CENTRE, 10 KHAYABAN-E-ROOMI, BLOCK 5, CLIFTON, KARACHI-75600,"," 192,084,980.13 "
"COLGATE - PALMOLIVE (PAKISTAN) LTD. LAKSON SQUARE, BUILDING NO-2, SARWAR SHAHEED ROAD, KARACHI-74200, PAKISTAN."," 107,461,335.27 "
"FIRST TREET MANUFACTURING MODARABA 72-B, INDUSTRIAL AREA, KOTLAKHPAT LAHORE - PAKISTAN."," 106,288,303.72 "
"ARFEEN INTERNATIONAL (PVT) LIMITED CORPORATE OFFICE WTC TOWERS 10 KHAYABAN-E-ROOMI,BLOCK-5 CLIFTON KARACHI"," 38,370,247.00 "
ISLAM SOAP INDUSTRIES PRIVATE LTD 9 KM KIRI BHAIT NANKANA ROAD SHAHKOT DISTT NANMKANA SAHAB PK," 35,429,984.88 "
"MB TRADERS 805, UNI PLAZA, I.I. CHUNDRIGAR ROAD KARACHI"," 2,975,873.87 "
M S ALPHA CHEMICAL CO AHMED ARCADE DARYALAL STREET JODIA BAZAR KARACHI," 2,962,079.39 "
NAFEES ENTERPRISES 767 881 STREET 29 C MEHMOODABAD NO 6 KARACHI 5384613   03002118356," 2,069,170.48 "
"LEADER TANNERIES NIAZ NAGAR KASUR, PAKISTAN "," 1,467,496.80 "
37," 562,935,577.56 "
FRONTIER TECH WOOD INDS PVT LTD 98 INDUSTRIAL ESTATE JAMRUD ROAD PESHAWAR," 350,632,475.84 "
"FRONTIER GREEN WOOD INDUSTRIES (PVT) LTD., W 28, 29 AND PLOT NO. 14, 27 INDUSTRIAL ESTATE, JAMRUD ROAD, PESHAWAR, PAKISTAN."," 203,184,264.23 "
"THAL LTD. B.L.D THAL LTD B.L.D 4TH  FLOOR HOUSE OF HABIB,PLOT- 3, BLOCK 7/8,J SHAHRAH-E-FAISAL, KARACHI"," 9,118,837.49 "
8," 559,163,838.18 "
"AYAN CROP SCIENCES H-NO370,BLOCK-3C-1, TOWNSHIP LAHORE    03227672222"," 142,425,952.24 "
AYAN CROP SCIENCES 100 BLOCK-A REVENUE SOCIETY JOHAR TOWN LAHORE  04235400236," 75,260,573.40 "
M/S WORTH AGRO CHEMICALS RIZWAN SHAUKAT S/O SHAUKAT ALI OFFICE YOUNIS BROTHERS INDUSTRIES LAHORE ROAD GAGGOO," 52,760,807.64 "
"RAS INTERNATIONAL CORPORATION 10 SAM CANAL VILLAS OPP EDEN CANAL BANK ROAD LAHORE, PAKISTAN "," 51,655,887.36 "
"EXIN CHEMICALS CORPORATION 33-B, INDUSTRIAL ESTATE, MULTAN "," 37,975,913.63 "
AGRI TOP 77 INDUSTRIAL ESTATE MULTAN MULTAN," 36,531,341.23 "
PAK FARMING CARE OLD INDUSTRIAL ESTATE ROAD HAMID PUR KANORAH MULTAN," 35,408,601.36 "
"HAID CROP SCIENCES., 12 AL-JANNAT HOMES, SULTANABAD COLONY, GULGASHT, MULTAN, PAKISTAN."," 34,716,781.44 "
"EXIN CHEMICALS CORPORATION 33-B INDUSTRIAL ESTATE MULTAN, PAKISTAN "," 33,123,696.27 "
"FIVE STAR FERTILIZERS HOUSE NO 308 BLOCK J - 01 JOHAR TOWN LAHORE, PAKISTAN"," 21,361,105.63 "
AMBROSHIA CHEMICALS QUETTA ROAD DERA GHAZI KHAN ," 13,987,340.93 "
AGRI INTERNATIONAL 77- INDUSTRIAL ESTATE MULTAN.PAKISTAN ," 13,148,771.33 "
"FIVE STAR AGRO CHEMICAL AND FERTILIZERS HOUSE NO. 308 BLOCK J-1, JOHAR TOWN LAHORE PAKISTAN"," 9,391,979.52 "
4F CHEMICALS 812-NASHEMAN-E-IQBAL COOPERATIVE HOUSING SOCIETY KAAYABAN-E-JINNAH ROAD LAHORE," 1,415,086.20 "
64," 558,535,981.16 "
DIAMOND EXPORT INDUSTRIES PVT LTD KHURRIANWALA ROAD FAISLABAD PAKISTAN ," 319,985,849.11 "
DIAMOND FABRICS CHAK NO 77 RB KHURRIANWALA JARANWALA ROAD FAISALABAD," 141,665,164.17 "
LEGACY TEXTILES P 53 ST NO  03 INDUSTRIAL STREET 243 RB PHATTA STOP SAMUNDRI ROAD FAISALABAD," 96,884,967.88 "
7," 467,331,834.44 "
"BRITER ELECTROPLATING CO PVT LTD SHOP NO.12, 7-CIRCULAR ROAD, MALWADA COMPLEX, OPP.YAKI GATE, LAHORE, PAKISTAN."," 168,581,993.60 "
"DYNAMIC PACKAGING PVT LTD 22-KM,OFF FEROZEPUR ROAD SHAMI STREET RAJ IND PARK"," 79,287,630.37 "
DIC PAKISTAN LTD SHAHRAH E ROOMI P O AMER SIDHU PAKISTAN," 66,773,314.83 "
"BRITER ENGINEERING COMPANY PVT LTD. 24-MAIN INDUSTRIAL ESTATE KOT LAKHPAT, LAHORE, PAKISTAN. "," 44,493,906.54 "
BATA PAKISTAN LTD   ," 25,731,745.44 "
"GLOBAL INKS AND CHEMICALS (PVT) LTD 22 - KM OFF FEROZEPUR ROAD, RAJ INDUSTRIAL, SHAMI STREET, LAHORE - PAKISTAN."," 18,674,401.70 "
SERVICE INDUSTRIES  LIMITED SERVICE HOUSE 2- MAIN GULBERG PK," 13,289,071.37 "
"OMAR JIBRAN ENGG. IND.LTD DSU-10, PAKISTAN STEEL DOWNSTREAM IND.ESTAT BIN QASIM KARACHI"," 11,040,292.89 "
"NIMIR RESINS LIMITED 12-B NEW MUSLIM TOWN LAHORE, PAKISTAN "," 7,567,881.00 "
"M N IMPEX IMPORTER OF DYES CHEMICALS AND INTERMEDIATE 1ST FLOOR, ROOM 14, KHAN ARCADE 16"," 6,289,272.00 "
F E CHEMICALS   ," 5,563,385.19 "
"KB AND COMPANY OFFICE NO.8-A,S-5, NASEER STREET MALIK PARK BILAL GUNJ LAHORE-5400 PAKISTAN "," 5,191,269.93 "
"RAZZAQIA INTERNATIONAL P-27 JINNAH BLOCK, KHYABAN -2 FAISALABAD-PAKISTAN "," 4,946,250.38 "
"CAPTAIN & COMPANY SHAFI COURT,1ST FLOOR, OPPOSITE CENTRAL HOTAL, MEREWETHER ROAD,KARACHI."," 3,934,694.35 "
"SHERAZ ENTERPRISES 39-SITARA MARKET, SATIANA ROAD FAISALABAD "," 3,730,062.40 "
SHEHARYAR ENTERPRISES HOUSE NO 275-A STREET NO 6 CHAK NO 199 RB GHATT WALA FAISLABAD," 1,142,655.90 "
ARCHROMA PAKISTAN LTD SCB BLDG. PLOT 1-A/1 SECTOR-20 KORANGI INDUSTRIAL AREA KARACHI-74900/ PAKISTAN.," 1,094,006.55 "
53," 459,630,093.14 "
"SAMMAR INDUSTRIES PVT LTD PLOT NO 153, 154-S NEW INDUSTRIAL AREA MIRPUR (AJ&K) PAKISTAN"," 459,630,093.14 "
33," 440,387,089.50 "
NADEEM ENTERPRICE A/3 ALI BHAI ADAMJEE SHEIKH JEEYANJEE BLDG PAN MANDI KARACHI," 178,804,212.56 "
WAQAS INTERNATIONAL SHOP NO.6 BURHANI MANZIL PANMANDI NANAKWARA KARACHI PAKISTAN. ," 125,234,761.84 "
"QADRI ENTERPRISES SHOP NO. 205 QILA LECHMAN SINGH LAHORE, PAKISTAN "," 54,399,267.77 "
"ALI ENTERPRISES SHOP NO 2807 PAN MANDI NEAR NOORI MASJID OPPOSITE RAILWAY STATION LAHORE, PAKISTAN"," 40,307,210.52 "
"IBRAHIM TRADING CO. HOUSE NO. 09 STREET NO. 65, DIL MUHAMMAD ROAD, LAHORE, PAKISTAN."," 29,724,357.35 "
ABU SUFIAN IMPEX A-1 MAKHANJI BUILDING NANAKWARA MANDI NEAR HBL NANAKWARA BRANCH  KARACHI," 11,917,279.46 "
52," 410,976,058.48 "
JAFIR INTERNATIONAL JAFIR INTERNATIONAL OFFICE NO 91 NEAR PURANA BALOCH ADDA CHOUBARA ROAD LAYYAH 03086694377," 177,763,731.17 "
GREEN GOLD AGRI SEEDS 16-DIGLOT ROAD FAISALABAD PAKISTAN ," 148,346,882.54 "
HOPE SEEDS COMPANY UNITEN FARM ROAD GULSHAN -E -ALI BY PASS SAHIWAL PAKISTAN.," 41,356,470.71 "
"ARCO SEEDS. BAZAR ALMARIAN GUJRANWALA, PAKISTAN."," 24,579,523.19 "
"GREEN GOLD AGRI SEEDS 16-DIJKOT ROAD, FAISALABAD-PAKISTAN. "," 15,557,772.15 "
"AUGUSTA SEED COMPANY UNITED FARMS ROAD, GULSHAN E ALI , BY PASS SAHIWAL SAHIWAL"," 2,310,364.07 "
"GOREJA AGRO IMPEX SHOP NO P 13 DIJKOT ROAD GRAIN MKT FAISALABAD, PAKISTAN "," 1,061,314.65 "
31," 379,792,293.44 "
"MUSA ENTERPRISES., 42 - KOH-E-NOOR COLONY, SURAJ KUND ROAD, CHOWK SHAH ABBAS,  MULTAN, PAKISTAN."," 109,002,727.32 "
"PREMIUM ENTERPRISES., PLOT: LY-234 AND 23K, QAZI ABDUL AZIZ ROAD, MOOSA LANE, KARACHI,"," 65,021,638.57 "
MUSA ENTERPRISES 42 KOH -E- NOOR COLONY SURAJ KUND ROAD CHOWK SHAH ABBAS MULTAN," 57,138,036.13 "
"ZANCTOK PHARMACEUTICAL LABORATORIES F/5 S.I.T.E. AREA HYDERABAD, PAKISTAN "," 43,566,835.36 "
"ALKEMY PHARMACEUTICAL LABORATORIES (PVT) LIMITED., 203, AL-AMIN TOWER, BLOCK-10, GULSHAN-E-IQBAL, KARACHI, PAKISTAN."," 36,279,665.54 "
WELLNESS PHARMACEUTICALS PVT. LTD. 15TH FLOOR AL TIJARAH CENTER SHARAI E-FAISAL KARACHI. ," 18,501,990.01 "
UNI TIECH PHARMACUETICAL PVT LTD 45/H-1 BLOCK 6 PECHS KARACHI ," 18,466,874.91 "
"SHAHI ENTERPRISES (PVT.) LIMITED., M-2, KHADIJA ARCADE, 8-MANYA SOCIETY, KHALID BIN WALEED ROAD, KARACHI, PAKISTAN."," 10,723,208.76 "
"ALKEMY PHARMACEUTICAL LABORATORIES (PRIVATE) LIMITED., 9 S.I.T.E., HYDERABAD, PAKISTAN. "," 7,230,985.66 "
"FRONTIER DEXTROSE LIMITED PLOT NO 18/3 PHASE 1, IND EST, 74000 HATTAR-HARIPUR PAKISTAN."," 5,367,369.55 "
"AL KARIM CORPORATION 6-AI COMMERCIAL MARKET GECHS PECO ROAD, TOWNSHIP LAHORE, PAKISTAN. "," 3,941,277.12 "
"MEDIPAK LIMITED 132 1 INDUSTRIAL ESTATE KOTLAKHPAT LAHORE, PAKISTAN"," 2,027,904.48 "
"HEALTH CARE PRODUCTS ZIA PLAZA, 1ST FLOOR ALTAF HUSSAIN ROAD PK"," 1,153,033.20 "
"MITCHELL'S FRUIT FARMS LTD., 40-A, ZAFAR ALI ROAD GULBERG-5 LAHORE, PAKISTAN. "," 618,654.72 "
"HONIG PHARMACEUTICAL LABORATORIES HOUSE NO 687, STREET NO 3-A, NEAR NADRA OFFICE, CH. WALAYAT KHAN ROAD, CHAKLALA SCHEME III,RWP."," 385,217.91 "
"JANGNON PHARMA MACHINERY OFFICE NO 4 BLOCK 16, 1ST FLOOR MAIN CHAMBEER 3TEMPLE ROAD, LAHORE PAKISTAN."," 366,874.20 "
13," 369,709,353.89 "
"ATLAS BATTERY LTD. D-181, CENTRAL AVENUE, S.I.T.E. KARACHI-75730 PAKISTAN. "," 331,853,977.90 "
"ATLAS AUTOS (PRIVATE) LIMITED, F-36, ESTATE AVENUE, S.I.T.E, KARACHI, PAKISTAN "," 25,786,156.71 "
"ATLAS ENGINEERING LTD 15TH MILE, NATIONAL HIGHWAY, LANDHI, KARACHI PAKISTAN"," 12,069,219.28 "
11," 363,567,269.33 "
NATIONAL FEEDS LIMITED 171-SHADMAN-II LAHORE PAKISTAN," 215,513,959.51 "
"PUNJNAD FEEDS LIMITED 171-SHADMAN-II LAHORE, PAKISTAN "," 62,736,536.42 "
PUNJAB FEEDS LTD 23 DAVIS ROAD LAHORE PK," 24,767,331.33 "
RAWAL POULTRY FEEDS (PVT) LTD OFF  16 FIRST FLOOR KALA KHAN SHOPPING CENTRE SHAMSABAD MURREE ROAD RWP," 24,254,577.46 "
A. ONE. FEEDS PLOT NO  G 5  SITE HYDERABAD 880931," 18,734,693.08 "
SONA FEEDS PLOT NO P-6 S.I.T.E NEAR NARA JAIL HYDERABAD," 11,019,328.65 "
A ONE FEEDS   ," 6,540,842.88 "
39," 333,714,930.59 "
MIAN SHAHID CORPORATION H NO 33/12 TARIQ ROAD SIALKOT CANTT SIALKOT 0523255089 ," 70,702,735.89 "
"DAWOOD SONS INDUSTRIES STREET NO 1 ABADI MEHAR LAL HUSSAIN HAFIZABAD ROAD GUJRANWALA, PAKISTAN"," 59,910,730.87 "
"EUROMED INDUSTRIES PLOT NO. 56-A SMALL INDUSTRIES ESTATE, SIALKOT-51340 PAKISTAN."," 41,582,564.79 "
"TINOPAL SURGICAL CORP.(PVT)LTD 55 AND 57B S.I.E, SIALKOT, PAKISTAN. "," 26,665,672.61 "
BURAQ SURGICAL CORPORATIPN BURAQ SURGICAL CORP 59-C NEAR UBL BANK SIE SIALKOT," 25,901,018.72 "
FARM PLANT ABBAS AHMAD HOUSE NO K-137 GULISTAN COLONY NO 1 FAISALABAD," 25,162,329.06 "
ZAIN S MEDICAL IMAGE 5 KILOMETERS WAZIRABAD ROAD PAKISTAN ," 21,226,293.00 "
WASHINGTON SURGICAL INTERNATIONAL RORAS ROAD OOP GOHAR BUILDING MATERIAL SIALKOT ," 14,632,817.30 "
M.J INSTRUMENTS CO (PVT) LTD PLOT NO 80/C 82/C S I E SIALKOT PAKISTAN ," 9,357,295.23 "
"WAQAS TRADING COMPANY SHOP NO.15, KAREEM STEEL MARKET, REGCENT CINEMA ROAD, GUJRANWALA"," 8,066,499.73 "
"AL SAJR CORPORATION PVT LTD 2/3 PATIALA COMPLEX,  PATIALA GROUND, 2 LINK MCLEOD ROAD LAHORE, PAKISTAN"," 7,888,796.35 "
FRANKO SHEHZAD SURGICO(PVT)LTD FRANKO SHEHZAD SURGICO(PVT) LTD C/O M ISLAM PLOT NO 62-C SIE SIALKOT," 7,682,969.44 "
SKY OVERSEASE SKY OVERSEASE SHOP NO.02 REHMAN GAL I NO.02 AL SYED MARKEET 2ND FLOOR BRANDRETH ROAD LAHORE.03360066000," 6,326,378.70 "
"FARM PLANT P-38,RAVI MARKET SUSAN ROAD MADINA TOWN"," 3,024,091.62 "
QUTBIS FLAT NO.8 MALA BLDG. NAJMUDDIN STREET ADJACENT TO MARFANI DAWAKHANA," 2,839,396.67 "
UMER ENGINEERING COMPANY PLOT NO 1 6 A/1 MAIN SHAHRA E FAISAL BLOCK 6  PECHS KARACHI," 1,618,774.76 "
USMAN LAKH MERCHANT REHMAN GALI NO. 02 AL SYED MARKET BRANDRETH ROAD LAHORE.0321-9427643 ," 1,126,565.85 "
17," 322,495,524.45 "
MUJAHID OIL REFINERY PVT LTD PLOT NO 191 192 SECTOR I 9 INDUSTRIAL AREA ISLAMABAD," 233,987,123.70 "
TAJ VEGETABLE OIL PLOT 191-192 I-9 INDUSTRIAL AREA ISLAMABAD," 88,508,400.75 "
29," 293,507,062.31 "
"MEGA CORPORATION HARI LAL DASJI STREET OPP. AURANGZEB MARKET, M.A. JINNAH ROAD KARACHI, PAKSITAN."," 131,850,234.30 "
OMEGA INDUSTRIES 60-A FCC CH. ZAHOOR ELAHI ROAD GULBERG IV LAHORE," 94,636,603.44 "
"FINE AUTO WORKS 11-5-16, SHAFIQ ABAD BUND ROAD LAHORE"," 67,020,224.57 "
36," 231,668,411.60 "
GULFRAZ FABRICS 11-KM JARANWALA ROAD NEAR MSC CHOWK FAISALABAD PAKISTAN," 107,558,075.20 "
"SADAQAT LIMITED SADAQAT LIMITED SAHIANWALA ROAD, KHURRIANWALA, FAISALABAD."," 82,908,069.25 "
TANVEER COTTON MILLS PVT LTD 98/A B-III  GULBERG III LAHORE 042-35772950-3," 15,158,748.58 "
"TANVEER SPINNING & WEAVING MILLS (P 11 TO 14, FIRST FLOOR, CANTT PLAZA, TUFAIL ROAD LAHORE PAKISTAN "," 8,037,064.51 "
MASOOD SPINNING MILLS LTD.   ," 6,104,253.53 "
ROOMI FABRICS LTD MEHR MANZIL OUT SIDE LOHARI GATE PK," 5,483,386.19 "
MAHMOOD TEXTILE MILLS LIMITED   ," 5,321,654.15 "
MASOOD FABRIC LTD. MEHR MANZIL LOHARI GATE PK," 1,097,160.19 "
15," 198,843,405.46 "
"KADER AND SONS A-6 AL AMIN PLAZA SYEDNA TAHIR SAIFUDDIN ROAD PAN MANDI NANAKWARA, KARACHI - PAKISTAN"," 107,075,379.89 "
S.M.YOUSUF & BROTHERS SHOP NO 24 DARWAISH ISLAMIC TRUST BLOCK -B S.M.C.H.S KARACHI," 68,346,776.65 "
"FILZA ENTERPRISES 142/A, BERRY WALI STREET, TEHSIL BAZAR, RANG MAHAL, LAHORE"," 23,421,248.92 "
2," 181,572,962.90 "
FAISAL BROTHERS FAISAL BROTHERS HOUSE NO 2-C ALHAMRA TOWN EAST CANAL ROAD NEAR BECON HOUSE SCHOOL FAISALABAD.," 79,860,337.28 "
"AL RAHEEM IMPEX OFFICE NO 7 ,II FLOOR,SADIQ  PALAZA CIRCULAR ROAD FAISALABAD "," 53,739,208.71 "
INDUS PENCIL INDUSTRIES  PVT  LTD. B-54  S.I.T.E. MANGHOPIR ROAD 75700 KARACHI," 13,318,920.23 "
"AMEN BANJ CORPORATION 1ST FLOOR, 2-C BUSINESS CENTER, EAST CANAL ROAD FAISALABAD"," 7,887,795.30 "
FAIR CHEM INTERNATIONAL 25-SHAHEED E MILLAT MARKET MILLAT CHOWK GULISTAN COLONY NO 02 MILLAT ROAD FAISLABAD," 7,408,238.31 "
"SHAHSONS (PRIVATE) LIMITED D-88,MANGHOPIR ROAD, S.I.T.E, KARACHI, PAKISTAN. "," 6,545,643.69 "
NOBEL TECHNO CHEM HASHIMPURA DEFENCE ROAD NEAR MUSLIM ACADMEY TEHSIL & DISTT SIALKOT," 5,534,559.36 "
FAIR CHEM INTERNATIONAL H NO 391 BLOCK NO G GULISTAN COLONY FAISALABAD ," 3,962,241.36 "
CHAUDHARY CHEMICAL TRADERS P-553 STREET NO.3 NEAR TOOL TEX SATYANA ROAD FAISALABAD 0300-9651273," 2,775,141.27 "
AL QAEM DYES & CHEMICALS VILL FATEH WALI P/O TALWANDI BHINDR A TEH PASRUR DISTRICT SIALKOT ," 540,877.39 "
3," 178,778,577.54 "
"SAPPHIRE TEXTILE MILLS LIMITED 7A/K, MAIN BOULEVARD, GULBERG II, LAHORE, PAKISTAN. "," 176,823,871.80 "
"SAPPHIRE TEXTILE MILLS LIMITED., 7A/K, MAIN BOULEVARD, GULBERG II, LAHORE, PAKISTAN. "," 1,954,705.74 "
51," 178,586,539.68 "
ASIAN FOOD INDUSTRIES LIMITED ASIAN FOOD INDUSTRIES LTD 46 49 INDUSTRIAL ZONE GURUMANGAT GULBERG III LAHORE," 75,230,134.18 "
"M S KULSUM HAJI IBRAHIM JM 4/744, BAHADUR YAR JANG ROAD, KARACHI-74800, PAKISTAN "," 46,644,396.28 "
B.P. INDUSTRIES (PVT) LTD. A - 30 S.I.T.E. KARACHI - PAKISTAN. ," 38,220,355.63 "
"INTERNATIONAL TRADING AGENCY SHOP NO. 1, SAIFUDDIN MANZIL, DR. ZIAUDDIN AHMED ROAD, KARACHI PAKISTAN"," 7,669,259.87 "
"S. NAJMUDDIN AHMED AND CO. SUIT NO.408,4TH FLOOR,TRADE AVENUE, HASRAT MOHANI ROAD,OFF. I.I. CHUNDRIGAR ROAD KARACHI-PAKISTAN."," 5,935,772.98 "
"RASUL FLOUR MILLS (PVT) LIMITED., 3RD FLOOR, SULEMAN CENTRE, NEAR BROOKES CHOWRANGI, KORANIG INDUSTRIAL AREA, KARACHI, PAKISTAN."," 4,886,620.74 "
24," 166,520,656.65 "
CLASSIC INTERNATIONAL TRADING HOUSE NO 39 BLOCK D 2 WAPDA TOWN LAHORE PAKISTAN ," 74,903,730.66 "
NORSON CHEMICAL INDUSTRIES 112 9 INDUSTRIEL AREA KOTLAKHPAT LAHORE 042-35113856  042-35113861," 51,569,918.30 "
KHAN ENTERPRISES 246 TUGHLUQ TOWN BEHIND GENERAL BUS STAND MULTAN," 38,454,134.15 "
"MPI(PVT) LTD 237 SUNDER INDUSTRIAL ESTATE, RAIWIND ROAD, LAHORE, PAKISTAN "," 1,592,873.54 "
26," 151,498,860.21 "
MAQSOOD BROTHERS 48 CIRCULAR ROAD REVALI CENIMA TYRES MARKET LAHORE 0300 8472489 042 37667446," 129,037,580.60 "
MAQSOOD  BROTHERS 48 CIRCULAR ROAD REVALI CENIMA TYRE MARKET LHR PK," 17,881,029.23 "
"ASHRAF AND COMPANY SHOP NO.16 CIRCULAR ROAD, NEAR DOO MORIA PULL, TYRE MARKET, LAHORE, PAKISTAN"," 4,580,250.38 "
49," 98,431,409.67 "
R S INTERNATIONAL P 47 ST NO 2 BLOCK NO 1 SAMANABAD FAISALABAD," 44,896,614.91 "
KARSS PAINT INDUSTRIES (PVT) LTD WEST CANAL ROAD FAISALABAD PAKISTAN," 27,522,902.46 "
M.A IMPEX 141-142-A IST FLOOR SHOAIB BIBIL MARKET FAISALABAD," 13,269,100.82 "
GMSA INDUSTRIES PVT LTD 141 142 A 1ST FLOOR SHOAIB BILAL MARKET FAISALABAD," 10,783,892.90 "
IRFAN TRADERS 4-TOWER ROAD MUHALLAH MUSTAFA ABAD KHILI BYE PASS GUJRANWALA PH.213224-213550-213550," 1,958,898.58 "
28," 80,813,295.12 "
ASH HUB ENTERPRISES SHOP NO 16 MUHAMMAD ARCADE MULTAN.PAKISTAN ," 32,041,140.64 "
"MS FINE HOUSE FINE HOUSE, CIRCULAR ROAD MOHALLAH DHAROWAL, SIALKOT SIALKOT 03216144114"," 29,168,911.90 "
ZUBAIR SONS 200 FEROZPUR ROAD LAHORE LAHORE," 6,229,154.94 "
ALI HUSSNAIN ENTERPRISES S/O GHULAM NABI CAMPING GROUND LALAMUSA TEH. KHARIAN DIST GUJRAT," 5,052,635.50 "
"ABDULLAH RIAZ TRADERS 136-A, BLOCK A2, PGECHS COLLEGE ROAD, TOWNSHIP, LAHORE PAKISTAN."," 4,942,990.44 "
"N.A.MUKHTAR & CO N.A.MUKHTAR & CO, Z-524,DARUL AMAN SOCIETY,MAIN STADIUM ROAD,CHANDNI CHOWK,KARACHI."," 3,378,461.70 "
20," 75,122,471.45 "
PAK PANSY(PVT)LTD 6-B INDUSTRIAL ESTATE MULTAN ," 43,665,367.28 "
NEW AGRI CARE 15 JAIL ABAD COLONY NEAR AL BADAR MASJID MULTAN ," 16,413,165.55 "
AGRINCHEM ENTERPRISES H NO 1334 KASHMIR STREET NASHEMAN COLONY BOSAN ROAD MULTAN," 15,043,938.62 "
10," 70,895,138.33 "
"PROFESSIONAL HEIGHTS 25-E/2, PHASE 1, WAPDA TOWN LAHORE 54000 ISLAMIC REPUBLICTION OF PAKISTAN"," 36,667,898.10 "
"POPULAR JUICE IND. (PVT) LTD. 311,CHAPAL PLAZA, HASRAT MOHANI ROAD, OFF, I I CHUNDRIGAR ROAD. KARACHI."," 26,051,186.63 "
ARSALAN TRADERS   ," 8,018,821.80 "
"ROOMI ENTERPRISES (PVT) LTD PLOT # 16, SECTOR-23 KORANGI INDUSTRIAL AREA. KARACHI"," 157,231.80 "
66," 62,719,594.18 "
"MIKDAR WOOD PRODUCTS PVT LTD LR6/7, KAKA STREET OFF NISHTER ROAD KARACHI "," 35,527,655.18 "
MIKDAR TRADERS PLOT NO LR 6/7 KAKA STREET OFF NISHTER ROAD KARACHI ," 27,191,939.00 "
56," 61,719,096.76 "
"JAFFER BROTHERS PVT LTD CITI TOWER 33-A BLOCK 6, P.E.C.H.S SHAHRAH-E-FAISAL KARACHI,PAKISTAN"," 37,456,468.00 "
"JAFFER BROTHERS (PVT.) LTD. CITI TOWER 33 - A, BLOCK-6, P.E.C.H.S. SHAHRAH-E-FAISAL PK"," 24,262,628.76 "
46," 57,195,065.14 "
M S SUBHAN BROTHERS.   ," 57,195,065.14 "
32," 52,963,750.91 "
CRIZAL ENTERPRISES STREET OLD PETROL PUMP MOHALLAH HAJI PURA SIALKOT ," 22,010,575.71 "
M/S SHEIKH ENTERPRISES ZAFAR COTTAGE CHOWH GAO SHALA TUBE WELL MOHALLAH ZAFARABAD SIALKOT 03008619220," 10,581,201.19 "
IZZAH TRADERS ABBOT ROAD OPP.EXPRESS LINK COURIER SIALKOT  03007101094 SIALKOT," 10,396,526.15 "
ARD INDUSTRIES P-35 NEAR GULZAR CINEMA SAMUNDRI ROAD GOJRA DISTT. TOBA TEK SINGH PAKISTAN," 5,117,790.27 "
ASAMA ENTERPRISES P-35 NEAR GULZAR CINEMA SAMUNDRI ROAD GOJRA," 4,857,657.59 "
34," 52,620,242.40 "
"ALLIANCE ENERGY. HOUSE NO. 64-A, ST NO.01, G.E.C.H.S LINK ROAD, MODEL TOWN, LAHORE. PAKISTAN."," 52,620,242.40 "
23," 49,997,125.39 "
"CANNON FOAM 43, TARIQ BLOCK, NEW GARDEN TOWN, LAHORE, PAKISTAN"," 21,200,397.96 "
"SHAHZ TRADERS 532-KASHMIR BLOCK, ALLAMA IQBAL TOWN LAHORE, "," 16,337,098.89 "
"ISLAM LUBRICANTS PVT LTD CHOWK ALI PUR NEAR VILLAGE GONDLANWALA, GUJRANWALA PAKISTAN."," 9,461,742.22 "
"M/S PAKISTAN FOAM (PRIVATE) LIMITED OFFICE NO.404, 4TH FLOOR, REGANCY PLAZA, 120-P M.M. ALAM ROAD, GULBERG II, LAHORE, PAKISTAN."," 2,997,886.32 "
69," 42,216,345.42 "
METRO-HABIB CASH &CARRY PAK PVT LTD THOKAR NIAZ BAIG MULTAN ROAD LAHORE," 34,667,814.83 "
"MCR (PVT) LTD FRANCHISEE OF PIZZA HUT, 7TH FLOOR SHAHNAZ ARCADE, SHAHEED-E-MILLAT ROAD, KARACHI, PAKISTAN"," 7,548,530.59 "
59," 35,838,254.01 "
"ARROWS MARKETING SERVICES 4A-11/2,FIRST FLOOR,NAZIMABAD NO.4 KARACHI-74600 PAKISTAN "," 30,742,018.13 "
BANGA HARDWARE/PAINT STORES BANGA HARDWARE & PAINT STORES SHOP 02 DARUGA WALA BLDG MOHAMMAD SHAH STREET NANAK WADA KARACHI," 5,096,235.88 "
63," 34,685,816.54 "
"AMRELI STEEL LIMITED SALES & MARKETING OFFICE A/18-A, S.I.T.E KARACHI"," 29,750,332.22 "
KSB PUMPS COMPANY LTD 16 2 SIR AGHA KHAN ROAD SIR AGHA KHAN ROAD LAHORE," 4,717,805.07 "
MULTIDIMNSL INNOVT SYSNTECH PVT LTD   ," 217,679.25 "
14," 26,703,199.66 "
SARWAR ENTERPRISES BALOUCH HOTEL NEAR SHELL PETROL PUMP VEHARI ROAD BASTI KHAWAJA QADRI NAWAZ MULTAN," 21,105,286.36 "
H S ENTERPRISES CHAK no 102 W B P O GARHAMOR TEHSIL MAILSI DISTT VEHARI VEHARI," 2,996,041.47 "
M/S DOGAR IMPEX DOGAR IMPEX MUJAHID ROAD SIALKOT 03008612030 ," 2,601,871.83 "
40," 24,925,506.52 "
"UMAR SPINNING MILLS PVT LIMITED 101, COMMERCE CENTRE, HASRAT MOHANI ROAD, KARACHI, PAKISTAN"," 24,925,506.52 "
54," 23,446,266.58 "
"AREEBA TRADERS, SHOP NO.9, STAR HEIGHT, UNIT NO.07, LATIFABAD, HYDERABAD, PAKISTAN. "," 9,727,654.72 "
"HAIDARY GLASS HOUSE 1 - COOPER ROAD, LAHORE - PAKISTAN. "," 8,182,874.31 "
GOOD LUCK GLASS HOUSE SHOP NO.6 SABINA CENTER BOHRAPIR KARACHI," 4,482,395.60 "
AHMAD GLASS INDUSTRIES PVT LTD HOUSE # 26/1 RACE COURSE ROAD LAHORE PK," 1,053,341.95 "
57," 21,593,167.20 "
SHOAIB USMAN TEXTILE IND PVT LTD   ," 21,593,167.20 "
41," 16,146,657.65 "
"CHEMIUM INNOVATIONS A-2 BAITUL FURQAN SB-12, BLOCK 13 C, GULSHAN-E-IQBAL, KARACHI PAKISTAN."," 11,995,738.13 "
"TOTAL CARE PESTICIDES., 214-215, 2ND FLOOR, MALL PLAZA, MULTAN CANTT., MULTAN, PAKISTAN. "," 4,150,919.52 "
25," 16,137,972.17 "
EXCELL TEXTILE TRADING CO. KASHIF ISLAM AND NAVEED ISLAM SHERWANI COLONY IMAM SAHAB ROAD SIALKOT.03338808600," 11,585,499.41 "
SHAH NAWAZ CLASSIC THREAD HOUSE NO P-48 ST NO 4 HUSSAIN PARK SANI ROAD RAHIM TOWN FAISALABAD 0412573130 03457862563," 4,552,472.76 "
68," 14,933,498.99 "
"JAWAD IMPEX INTERNATIONAL 21-IFTIKHAR BUILDING, CHAUBURJI, LAHORE."," 14,933,498.99 "
16," 11,288,463.38 "
"ANTHRO PHARMACEUTICALS SUITE NO 401 PEARL HEIGHTS 1, 14-BUKHARI COMMERCIAL LANE 8 PHASE 6  D.H.A KARACHI"," 11,288,463.38 "
6," 9,080,136.45 "
RANGWALA CHEM BIZ HOUSE NO 1 C  ALHAMRA TOWN 19RB EAST CANAL ROAD RAINBOW CENTER FAIS ," 9,080,136.45 "
21," 7,859,231.53 "
"AMMAR BILAL TEXTILE CHAK NO 7, SAME NALA SMALL ESTATE SARGODHA ROAD, FAISALABAD "," 5,853,215.81 "
"MUSTAFA TRADING CO. 1ST FLOOR M/R-7/21-22, DATAR MANZIL,ADAMJEE DAWOOD RD., KARACHI, PAKISTAN."," 2,006,015.72 "
67," 7,736,747.95 "
SUNSOLAR TRADING CO G-88 ODEON SHOPPING CENTER REGAL CHOWK SADDAR KARACHI ," 7,736,747.95 "
5," 7,523,520.26 "
"M/S ZAM ZAM INTERNATIONAL HOUSE NO 24/18, STREET NO 4 NISAR COLONY FAISALABAD"," 5,940,971.71 "
RAFIQUE STEEL CASTING 64 A SMALL IND ESTATE GUJRANWLAL GUJRANWALA PAKISTAN," 1,582,548.55 "
60," 6,941,308.08 "
M S SHAKEEL AUTO TRADERS 15 - AURANGEZEB MARKET M.A.JINNAH ROAD KARACHI PAKISTAN," 6,941,308.08 "
55," 5,015,726.91 "
AL-MAKKAH EXPORTS H # P-145/A ST # 7/3 CANAL ROAD YASRAB COLONY FAISALABAD," 5,015,726.91 "
50," 4,503,223.57 "
"INSAF TEXTILE PRINTINGMILLS PVT LTD P.O BOX NO.,261,MAQBOOL ROAD, FAISALABAD. 041-8718157-59, CELL.0300-8652839"," 4,503,223.57 "
38," 3,632,488.54 "
KHANAM TRADERS MOHALLAH IQBAL TOWN DEFENSE ROAD SIALKOT ," 3,632,488.54 "
43," 3,550,069.73 "
ENA ENTERPRISES 1ST FLOOR SHAFI COURT OPP CENTRAL MEREVETHER R ROAD KARACHI," 3,550,069.73 "
62," 3,144,636.00 "
STANLEY PHARMACEUTICALSS PVT DR TILA MUHAMMAD 442 OLD BARA ROAD UNIVERSITY TOWN PESHAWAR," 3,144,636.00 "
42," 2,987,404.20 "
KST TRADERS HOUSE NO 73 BLOCK NO 35 SARGODHA," 2,987,404.20 "
47," 2,631,012.12 "
"FABRI CHEM HOUSE NO 1-C, ALHAMRA TOWN 19RB EAST CANAL ROAD RAINBOW CENTER FAISALABAD."," 2,631,012.12 "
65," 2,562,878.34 "
MEDICRAFT PHARMACEUTICALS PVT LTD   ," 2,562,878.34 "
35," 2,504,177.42 "
USMAN TRADING COMPANY 156-B GULISTAN COLONY NO.2 MILLAT ROAD FAISALABAD. ," 1,642,400.41 "
EXCEL INTERNATIONAL VENTURS 86 A  NEW MUSLIM TOWN LAHORE PAKISTAN," 861,777.01 "
61," 1,759,611.47 "
"KLASH PVT LTD CHAK NO.117 JB PAHARANG DRAINAGE,MILLAT ROAD, FAISALABAD PAKISTAN"," 961,427.38 "
HANSA LEATHER PRIVATE LIMITED   ," 515,166.85 "
"UNION FABRICS PRIVATE LIMITED E-20/B ,SITE KARACHI KAR"," 283,017.24 "
12," 1,577,559.06 "
PAK BEARING HOUSE SHOP NO 1812 REHMAN GALI NO 2 BRANTHERD ROAD LAHORE LAHORE," 1,577,559.06 "
9," 1,549,278.30 "
"ORBIS IMPEX PLOT # L-39, SECTOR-8,AREA-E GULZAR COLONY,HAZRAT BILAL COLONY KORANGI INDUSTRIAL AREA-KARACHI"," 1,549,278.30 "
58," 964,449.38 "
MS NATIONAL COMMERCIAL   ," 964,449.38 "
Grand Total," 33,590,255,292.74 "
